,News_1,News_frequency,Trad_News_print,Trad_News_online,Trad_News_TV,Trad_News_radio,SM_News_1,SM_News_2,SM_News_3,SM_News_4,SM_News_5,SM_News_6,SM_Sharing
0,0.6974592660127716,0.11374997692892495,-0.800773145390449,0.30274191852763765,-0.47234047440456395,-0.034385920671006175,-0.016462522442279474,-0.0012466161247900284,0.014608234359421426,-0.03373459446486009,0.014437560458629673,0.022710805029544846,-0.07192063800706033
1,-1.2147682180310502,1.0212067546364139,0.7065200790345618,-1.4528625068818513,-0.7139817474584592,0.05086526473226984,-0.06503965568333392,-0.0825833318028535,0.04208854364111576,-0.01655675543943197,-0.08718700484522544,0.03774760655366105,0.02238065287874854
2,-0.14667226922588097,-1.2432467096016755,0.8565891007675934,0.8619102819159024,1.6359903534961682,0.016256052417534212,0.09717449949066369,0.08501672647844427,-0.07060381711070607,0.08240668383483908,0.05900488682998007,-0.08207909797133287,0.11800843251103307
